"annotation_id","annotator","created_at","id","image","label","lead_time","updated_at"
1,"1","2026-04-13T11:39:44.896974Z",1,"/data/upload/1/2b516399-20250101141000.jpg","Nuageux sans aurores",109.161,"2026-04-13T11:39:44.896974Z"
2,"1","2026-04-13T11:39:50.167684Z",2,"/data/upload/1/8b21efa0-20250101141800.jpg","Nuageux sans aurores",4.917,"2026-04-13T11:39:50.167684Z"
3,"1","2026-04-13T11:39:59.033577Z",3,"/data/upload/1/004d6bbc-20250101153300.jpg","Nuageux sans aurores",8.563,"2026-04-13T11:39:59.033577Z"
4,"1","2026-04-13T11:40:53.534962Z",4,"/data/upload/1/ea6a417b-20250101170000.jpg","Clairs avec aurores fortes",54.167,"2026-04-13T11:40:53.534962Z"
5,"1","2026-04-13T11:41:21.951639Z",5,"/data/upload/1/ae27b8d1-20250101222500.jpg","Clairs avec aurores légères",28.062,"2026-04-13T11:41:21.951639Z"
6,"1","2026-04-13T11:42:28.934007Z",6,"/data/upload/1/046a29c4-20250101231200.jpg","Clairs avec aurores légères",66.668,"2026-04-13T11:42:28.934007Z"
7,"1","2026-04-13T11:42:32.711063Z",7,"/data/upload/1/ae6e06b3-20250101233600.jpg","Nuageux avec aurores fortes",3.424,"2026-04-13T11:42:32.711063Z"
8,"1","2026-04-13T11:42:40.836930Z",8,"/data/upload/1/3c1fe8e9-20250102010700.jpg","Clairs avec aurores légères",7.806,"2026-04-13T11:42:40.836930Z"
9,"1","2026-04-13T11:43:02.563939Z",9,"/data/upload/1/b08efb5e-20250102014500.jpg","Clairs avec aurores légères",21.419,"2026-04-13T11:43:02.563939Z"
10,"1","2026-04-13T11:43:16.982560Z",10,"/data/upload/1/a49518d6-20250102014600.jpg","Clairs avec aurores fortes",13.922,"2026-04-13T11:43:16.982560Z"
11,"1","2026-04-13T11:43:21.650690Z",11,"/data/upload/1/45265cef-20250102051000.jpg","Clairs sans aurores",4.171,"2026-04-13T11:43:21.650690Z"
12,"1","2026-04-13T11:43:24.985455Z",12,"/data/upload/1/5d3f3a37-20250102063100.jpg","Clairs sans aurores",3.013,"2026-04-13T11:43:24.985455Z"
13,"1","2026-04-13T11:43:27.545333Z",13,"/data/upload/1/e097a830-20250102070400.jpg","Clairs sans aurores",2.149,"2026-04-13T11:43:27.546332Z"
14,"1","2026-04-13T11:43:29.971635Z",14,"/data/upload/1/3fe1f00d-20250102073600.jpg","Clairs sans aurores",2.071,"2026-04-13T11:43:29.971635Z"
16,"1","2026-04-13T11:43:42.674893Z",15,"/data/upload/1/09d3b4e4-20250102143600.jpg","Clairs sans aurores",12.326,"2026-04-13T11:43:42.674893Z"
17,"1","2026-04-13T11:43:49.783615Z",16,"/data/upload/1/f97441dd-20250102151400.jpg","Clairs avec aurores légères",6.684,"2026-04-13T11:43:49.783615Z"
19,"1","2026-04-13T11:43:56.023444Z",17,"/data/upload/1/3abc7bea-20250102155500.jpg","Clairs avec aurores fortes",5.991,"2026-04-13T11:43:56.023444Z"
21,"1","2026-04-13T11:43:59.389318Z",18,"/data/upload/1/fff4ea59-20250102164400.jpg","Clairs avec aurores fortes",3.097,"2026-04-13T11:43:59.389318Z"
24,"1","2026-04-13T11:44:11.787564Z",19,"/data/upload/1/274e3728-20250102171400.jpg","Clairs avec aurores fortes",12.011,"2026-04-13T11:44:11.787564Z"
26,"1","2026-04-13T11:44:15.529935Z",20,"/data/upload/1/b44e1884-20250102193000.jpg","Clairs avec aurores légères",3.49,"2026-04-13T11:44:15.529935Z"
27,"1","2026-04-13T11:44:18.088519Z",21,"/data/upload/1/e46f63e1-20250102201800.jpg","Nuageux sans aurores",2.306,"2026-04-13T11:44:18.088519Z"
30,"1","2026-04-13T11:44:27.987241Z",22,"/data/upload/1/afa93093-20250102233500.jpg","Nuageux avec aurores légères",9.633,"2026-04-13T11:44:27.987241Z"
31,"1","2026-04-13T11:44:32.104292Z",23,"/data/upload/1/2ff5b485-20250103010700.jpg","Clairs avec aurores légères",3.762,"2026-04-13T11:44:32.104292Z"
34,"1","2026-04-13T11:44:39.781054Z",24,"/data/upload/1/42d469be-20250103013300.jpg","Clairs avec aurores légères",7.186,"2026-04-13T11:44:39.781054Z"
36,"1","2026-04-13T11:44:46.446929Z",25,"/data/upload/1/a97fa406-20250103021600.jpg","Nuageux sans aurores",6.247,"2026-04-13T11:44:46.446929Z"
39,"1","2026-04-13T11:45:22.948283Z",26,"/data/upload/1/7675d5f5-20250103060100.jpg","Nuageux sans aurores",36.167,"2026-04-13T11:45:22.948283Z"
40,"1","2026-04-13T11:45:26.347176Z",27,"/data/upload/1/a7b5db8f-20250103063800.jpg","Clairs sans aurores",3.018,"2026-04-13T11:45:26.347176Z"
41,"1","2026-04-13T11:45:34.410614Z",28,"/data/upload/1/188b0626-20250103140800.jpg","Clairs sans aurores",7.712,"2026-04-13T11:45:34.410614Z"
42,"1","2026-04-13T11:45:36.978251Z",29,"/data/upload/1/789b33c9-20250103143100.jpg","Clairs sans aurores",2.24,"2026-04-13T11:45:36.978251Z"
43,"1","2026-04-13T11:45:39.255194Z",30,"/data/upload/1/332b74f9-20250103154300.jpg","Clairs sans aurores",2.031,"2026-04-13T11:45:39.255194Z"
44,"1","2026-04-13T11:45:51.701849Z",31,"/data/upload/1/3bdaceb8-20250103184400.jpg","Clairs sans aurores",12.097,"2026-04-13T11:45:51.701849Z"
45,"1","2026-04-13T11:45:55.552582Z",32,"/data/upload/1/ca30e620-20250103195100.jpg","Clairs sans aurores",3.586,"2026-04-13T11:45:55.552582Z"
46,"1","2026-04-13T11:45:58.527838Z",33,"/data/upload/1/e223ad5d-20250103202300.jpg","Clairs avec aurores légères",2.699,"2026-04-13T11:45:58.527838Z"
47,"1","2026-04-13T11:46:07.130846Z",34,"/data/upload/1/0db99061-20250103210400.jpg","Clairs avec aurores légères",8.336,"2026-04-13T11:46:07.130846Z"
48,"1","2026-04-13T11:46:12.254808Z",35,"/data/upload/1/d3f694a2-20250103231300.jpg","Clairs avec aurores légères",4.846,"2026-04-13T11:46:12.254808Z"
49,"1","2026-04-13T11:46:16.353268Z",36,"/data/upload/1/8a98b9eb-20250103232100.jpg","Clairs avec aurores légères",3.869,"2026-04-13T11:46:16.353268Z"
50,"1","2026-04-13T11:46:33.606476Z",37,"/data/upload/1/8f373567-20250104021500.jpg","Nuageux sans aurores",16.896,"2026-04-13T11:46:33.606476Z"
51,"1","2026-04-13T11:46:38.184798Z",38,"/data/upload/1/91674ca6-20250104041500.jpg","Clairs avec aurores légères",3.79,"2026-04-13T11:46:38.184798Z"
52,"1","2026-04-13T11:46:54.332102Z",39,"/data/upload/1/d371569a-20250104044300.jpg","Nuageux sans aurores",4.812,"2026-04-13T11:46:54.332102Z"
53,"1","2026-04-13T11:47:24.211294Z",40,"/data/upload/1/61354fb6-20250104053100.jpg","Nuageux sans aurores",24.188,"2026-04-13T11:47:24.211294Z"
54,"1","2026-04-13T11:49:38.168893Z",41,"/data/upload/1/97e3c4fc-20250104054200.jpg","Nuageux sans aurores",19.927,"2026-04-13T11:49:38.168893Z"
60,"2","2026-04-13T11:50:39.242111Z",42,"/data/upload/1/aa5a8625-20250104152200.jpg","Nuageux sans aurores",22.839,"2026-04-13T11:50:39.242111Z"
55,"1","2026-04-13T11:49:50.689406Z",43,"/data/upload/1/07dd8dc1-20250104163200.jpg","Nuageux sans aurores",6.656,"2026-04-13T11:49:50.689406Z"
56,"1","2026-04-13T11:50:05.852010Z",44,"/data/upload/1/2bbccb93-20250104180700.jpg","Nuageux avec aurores légères",8.587,"2026-04-13T11:50:05.852010Z"
57,"1","2026-04-13T11:50:12.569443Z",45,"/data/upload/1/114946fe-20250104182300.jpg","Nuageux avec aurores légères",6.041,"2026-04-13T11:50:12.569443Z"
58,"1","2026-04-13T11:50:20.508660Z",46,"/data/upload/1/8d73bc2b-20250104183900.jpg","Nuageux avec aurores légères",7.381,"2026-04-13T11:50:20.508660Z"
59,"1","2026-04-13T11:50:32.179085Z",47,"/data/upload/1/31f035bc-20250104190100.jpg","Nuageux sans aurores",11.209,"2026-04-13T11:50:32.179085Z"
61,"1","2026-04-13T11:50:42.803540Z",48,"/data/upload/1/7ddb7de4-20250104201000.jpg","Nuageux avec aurores légères",10.244,"2026-04-13T11:50:42.803540Z"
64,"2","2026-04-13T11:51:09.322925Z",49,"/data/upload/1/661c34f5-20250104230500.jpg","Nuageux sans aurores",29.125,"2026-04-13T11:51:09.322925Z"
62,"1","2026-04-13T11:50:49.975046Z",50,"/data/upload/1/e36bebad-20250105052500.jpg","Clairs avec aurores légères",6.818,"2026-04-13T11:50:49.975046Z"
63,"1","2026-04-13T11:50:56.644013Z",51,"/data/upload/1/891f47d7-20250114230100.jpg","Clairs sans aurores",6.333,"2026-04-13T11:50:56.644013Z"
65,"1","2026-04-13T11:51:27.421049Z",52,"/data/upload/1/5b58e1ef-20250115003400.jpg","Clairs avec aurores légères",30.478,"2026-04-13T11:51:27.421049Z"
76,"4","2026-04-13T11:52:54.240458Z",53,"/data/upload/1/041ed2f4-20250115015300.jpg","Nuageux sans aurores",5.93,"2026-04-13T11:52:54.240458Z"
66,"1","2026-04-13T11:51:49.791408Z",54,"/data/upload/1/9e59ef3c-20250115015500.jpg","Nuageux avec aurores légères",21.793,"2026-04-13T11:51:49.791408Z"
67,"1","2026-04-13T11:51:57.449896Z",55,"/data/upload/1/7674ca11-20250115024100.jpg","Nuageux sans aurores",7.195,"2026-04-13T11:51:57.449896Z"
68,"1","2026-04-13T11:52:03.458053Z",56,"/data/upload/1/8b52f9a9-20250115050800.jpg","Nuageux avec aurores légères",5.624,"2026-04-13T11:52:03.458053Z"
69,"1","2026-04-13T11:52:08.766824Z",57,"/data/upload/1/059d968f-20250115053700.jpg","Nuageux sans aurores",4.965,"2026-04-13T11:52:08.766824Z"
70,"1","2026-04-13T11:52:15.473475Z",58,"/data/upload/1/327a2699-20250115145400.jpg","Nuageux sans aurores",6.404,"2026-04-13T11:52:15.473475Z"
71,"1","2026-04-13T11:52:36.060229Z",59,"/data/upload/1/7a765db2-20250115155400.jpg","Obstrués",20.118,"2026-04-13T11:52:36.060229Z"
74,"4","2026-04-13T11:52:47.573934Z",60,"/data/upload/1/d47d69ed-20250115170500.jpg","Nuageux avec aurores légères",23.875,"2026-04-13T11:52:47.573934Z"
75,"1","2026-04-13T11:52:48.178045Z",61,"/data/upload/1/296c2187-20250115171900.jpg","Clairs sans aurores",11.762,"2026-04-13T11:52:48.178045Z"
84,"1","2026-04-13T11:53:15.783438Z",62,"/data/upload/1/6e52b773-20250115175500.jpg","Clairs avec aurores légères",26.942,"2026-04-13T11:53:15.783438Z"
77,"2","2026-04-13T11:52:55.089789Z",63,"/data/upload/1/cd6e4581-20250115184400.jpg","Nuageux sans aurores",7.62,"2026-04-13T11:52:55.089789Z"
78,"4","2026-04-13T11:52:59.925486Z",64,"/data/upload/1/ec932a79-20250115190200.jpg","Nuageux avec aurores légères",5.058,"2026-04-13T11:52:59.925486Z"
80,"2","2026-04-13T11:53:07.290155Z",65,"/data/upload/1/cee8e6d7-20250115212700.jpg","Nuageux sans aurores",11.679,"2026-04-13T11:53:07.290155Z"
79,"4","2026-04-13T11:53:05.009333Z",66,"/data/upload/1/d196bd8f-20250115215500.jpg","Nuageux sans aurores",4.268,"2026-04-13T11:53:05.009333Z"
81,"4","2026-04-13T11:53:09.937902Z",67,"/data/upload/1/c36f1b29-20250115225600.jpg","Nuageux sans aurores",4.133,"2026-04-13T11:53:09.937902Z"
83,"2","2026-04-13T11:53:14.796202Z",68,"/data/upload/1/d9e53d4c-20250115230000.jpg","Nuageux avec aurores légères",7.115,"2026-04-13T11:53:14.796202Z"
82,"4","2026-04-13T11:53:14.198012Z",69,"/data/upload/1/73de2eb6-20250115233300.jpg","Nuageux avec aurores légères",3.455,"2026-04-13T11:53:14.198012Z"
85,"4","2026-04-13T11:53:18.412374Z",70,"/data/upload/1/9d4aeabc-20250115233500.jpg","Nuageux avec aurores légères",3.492,"2026-04-13T11:53:18.412374Z"
86,"2","2026-04-13T11:53:20.283090Z",71,"/data/upload/1/f73d105d-20250116000900.jpg","Nuageux sans aurores",4.937,"2026-04-13T11:53:20.283090Z"
87,"1","2026-04-13T11:53:21.313254Z",72,"/data/upload/1/b42d3e6f-20250116002900.jpg","Nuageux sans aurores",4.934,"2026-04-13T11:53:21.313254Z"
88,"4","2026-04-13T11:53:23.687348Z",73,"/data/upload/1/ad0a0125-20250116040900.jpg","Nuageux sans aurores",4.482,"2026-04-13T11:53:23.687348Z"
89,"2","2026-04-13T11:53:26.565896Z",74,"/data/upload/1/48cd2a49-20250116044700.jpg","Nuageux sans aurores",5.831,"2026-04-13T11:53:26.565896Z"
90,"1","2026-04-13T11:53:26.664757Z",75,"/data/upload/1/9d297508-20250116044900.jpg","Nuageux avec aurores légères",4.839,"2026-04-13T11:53:26.664757Z"
91,"4","2026-04-13T11:53:27.668612Z",76,"/data/upload/1/86537c31-20250116055000.jpg","Nuageux sans aurores",3.208,"2026-04-13T11:53:27.668612Z"
92,"1","2026-04-13T11:53:32.458912Z",77,"/data/upload/1/ef1cbb31-20250116064900.jpg","Nuageux sans aurores",5.401,"2026-04-13T11:53:32.458912Z"
94,"2","2026-04-13T11:53:37.884115Z",78,"/data/upload/1/d15da3f5-20250116065500.jpg","Nuageux sans aurores",10.683,"2026-04-13T11:53:37.885071Z"
93,"4","2026-04-13T11:53:32.975014Z",79,"/data/upload/1/deaafa5c-20250116070600.jpg","Nuageux sans aurores",4.118,"2026-04-13T11:53:32.975014Z"
95,"1","2026-04-13T11:53:41.352268Z",80,"/data/upload/1/65f54271-20250116143100.jpg","Clairs sans aurores",8.629,"2026-04-13T11:53:41.352268Z"
98,"4","2026-04-13T11:53:51.644510Z",81,"/data/upload/1/b91f7e0b-20250116161300.jpg","Nuageux avec aurores légères",17.818,"2026-04-13T11:53:51.644510Z"
97,"2","2026-04-13T11:53:48.830368Z",82,"/data/upload/1/0c38f011-20250116171100.jpg","Clairs avec aurores légères",10.518,"2026-04-13T11:53:48.830368Z"
96,"1","2026-04-13T11:53:47.268183Z",83,"/data/upload/1/467a5a90-20250116171300.jpg","Clairs avec aurores légères",5.577,"2026-04-13T11:53:47.268183Z"
99,"1","2026-04-13T11:53:52.989164Z",84,"/data/upload/1/75132673-20250116181600.jpg","Clairs avec aurores fortes",5.441,"2026-04-13T11:53:52.989164Z"
100,"2","2026-04-13T11:53:54.276758Z",85,"/data/upload/1/649f6179-20250116190500.jpg","Clairs avec aurores légères",5.003,"2026-04-13T11:53:54.277759Z"
101,"4","2026-04-13T11:53:56.331419Z",86,"/data/upload/1/4a75231c-20250116223900.jpg","Clairs avec aurores légères",4.139,"2026-04-13T11:53:56.331419Z"
102,"1","2026-04-13T11:54:01.654865Z",87,"/data/upload/1/abcab9ca-20250116224200.jpg","Clairs avec aurores légères",8.387,"2026-04-13T11:54:01.654865Z"
105,"2","2026-04-13T11:54:08.832858Z",88,"/data/upload/1/be23fc52-20250116225800.jpg","Clairs avec aurores légères",14.173,"2026-04-13T11:54:08.832858Z"
103,"4","2026-04-13T11:54:04.743357Z",89,"/data/upload/1/b39ec0e4-20250117002500.jpg","Clairs avec aurores fortes",7.554,"2026-04-13T11:54:04.743357Z"
104,"1","2026-04-13T11:54:06.640028Z",90,"/data/upload/1/fd040932-20250117013200.jpg","Nuageux sans aurores",4.717,"2026-04-13T11:54:06.640028Z"
109,"4","2026-04-13T11:54:18.889691Z",91,"/data/upload/1/e03d78a8-20250117052800.jpg","Nuageux avec aurores légères",13.476,"2026-04-13T11:54:18.889691Z"
106,"1","2026-04-13T11:54:10.897427Z",92,"/data/upload/1/faf67ef1-20250117150200.jpg","Clairs sans aurores",3.979,"2026-04-13T11:54:10.897427Z"
107,"2","2026-04-13T11:54:13.185232Z",93,"/data/upload/1/e0528718-20250117152300.jpg","Clairs avec aurores légères",3.911,"2026-04-13T11:54:13.185232Z"
108,"1","2026-04-13T11:54:16.103496Z",94,"/data/upload/1/aac0eda0-20250117162800.jpg","Nuageux avec aurores légères",4.94,"2026-04-13T11:54:16.103496Z"
113,"1","2026-04-13T11:54:33.122465Z",95,"/data/upload/1/085a57e6-20250117171000.jpg","Clairs sans aurores",8.76,"2026-04-13T11:54:33.122465Z"
110,"1","2026-04-13T11:54:19.273457Z",96,"/data/upload/1/adde3540-20250117174300.jpg","Nuageux sans aurores",2.859,"2026-04-13T11:54:19.273457Z"
114,"4","2026-04-13T11:54:34.499618Z",97,"/data/upload/1/61f49e0d-20250117180300.jpg","Nuageux sans aurores",14.831,"2026-04-13T11:54:34.499618Z"
112,"1","2026-04-13T11:54:24.097664Z",98,"/data/upload/1/4f576292-20250117184600.jpg","Nuageux sans aurores",4.47,"2026-04-13T11:54:24.097664Z"
115,"2","2026-04-13T11:54:35.373562Z",99,"/data/upload/1/d81989c1-20250117201100.jpg","Nuageux sans aurores",12.174,"2026-04-13T11:54:35.373562Z"
116,"1","2026-04-13T11:54:37.602945Z",100,"/data/upload/1/092e4023-20250117214300.jpg","Nuageux sans aurores",4.224,"2026-04-13T11:54:37.602945Z"
119,"4","2026-04-13T11:54:43.912645Z",101,"/data/upload/1/3d8e8e52-20250117220200.jpg","Nuageux avec aurores légères",8.85,"2026-04-13T11:54:43.912645Z"
118,"2","2026-04-13T11:54:42.870721Z",102,"/data/upload/1/583e494e-20250117220600.jpg","Nuageux avec aurores fortes",7.011,"2026-04-13T11:54:42.870721Z"
117,"1","2026-04-13T11:54:42.024022Z",103,"/data/upload/1/cd198147-20250117235900.jpg","Nuageux sans aurores",4.168,"2026-04-13T11:54:42.024022Z"
120,"1","2026-04-13T11:54:47.552110Z",104,"/data/upload/1/8622063b-20250118013900.jpg","Nuageux sans aurores",5.063,"2026-04-13T11:54:47.552110Z"
127,"2","2026-04-13T11:56:16.922916Z",105,"/data/upload/1/b72a61a1-20250118025900.jpg","Clairs sans aurores",93.442,"2026-04-13T11:56:16.922916Z"
131,"4","2026-04-13T11:56:29.646863Z",106,"/data/upload/1/936e0230-20250118155700.jpg","Nuageux avec aurores légères",104.936,"2026-04-13T11:56:29.646863Z"
121,"1","2026-04-13T11:54:55.035488Z",107,"/data/upload/1/f6c9f84d-20250118161700.jpg","Nuageux sans aurores",7.232,"2026-04-13T11:54:55.036521Z"
122,"1","2026-04-13T11:55:00.702786Z",108,"/data/upload/1/25baeb4f-20250118165400.jpg","Nuageux sans aurores",5.396,"2026-04-13T11:55:00.702786Z"
123,"1","2026-04-13T11:55:04.086098Z",109,"/data/upload/1/c8b8fe05-20250118170600.jpg","Nuageux sans aurores",3.101,"2026-04-13T11:55:04.086098Z"
124,"1","2026-04-13T11:56:02.990148Z",110,"/data/upload/1/5e3a0c7d-20250118173900.jpg","Nuageux sans aurores",58.625,"2026-04-13T11:56:02.991057Z"
125,"1","2026-04-13T11:56:11.039443Z",211,"/data/upload/1/52a1f59f-20230922014300.jpg","Obstrués",7.746,"2026-04-13T11:56:11.039443Z"
126,"1","2026-04-13T11:56:16.805339Z",212,"/data/upload/1/f4f3651b-20230922033300.jpg","Obstrués",5.352,"2026-04-13T11:56:16.805339Z"
128,"1","2026-04-13T11:56:22.211483Z",213,"/data/upload/1/2232a122-20230923205700.jpg","Nuageux avec aurores légères",4.957,"2026-04-13T11:56:22.211483Z"
129,"2","2026-04-13T11:56:24.775910Z",214,"/data/upload/1/8a86331f-20230924014700.jpg","Nuageux sans aurores",7.228,"2026-04-13T11:56:24.775910Z"
130,"1","2026-04-13T11:56:28.035721Z",215,"/data/upload/1/d5130218-20230924030200.jpg","Nuageux sans aurores",5.479,"2026-04-13T11:56:28.035721Z"
132,"2","2026-04-13T11:56:32.336889Z",216,"/data/upload/1/726f5726-20230924215400.jpg","Nuageux sans aurores",7.13,"2026-04-13T11:56:32.336889Z"
136,"1","2026-04-13T11:56:40.507489Z",217,"/data/upload/1/75c1f10d-20230925012200.jpg","Nuageux sans aurores",12.073,"2026-04-13T11:56:40.507489Z"
133,"4","2026-04-13T11:56:34.735453Z",218,"/data/upload/1/dd4e6620-20230925021600.jpg","Nuageux avec aurores légères",4.301,"2026-04-13T11:56:34.735453Z"
134,"2","2026-04-13T11:56:36.797215Z",219,"/data/upload/1/b92910ea-20231001031900.jpg","Nuageux sans aurores",4.056,"2026-04-13T11:56:36.797215Z"
135,"4","2026-04-13T11:56:40.185890Z",220,"/data/upload/1/be54d35f-20231001192000.jpg","Nuageux sans aurores",4.961,"2026-04-13T11:56:40.185890Z"
137,"2","2026-04-13T11:56:41.650404Z",221,"/data/upload/1/ff6ed4ab-20231006170900.jpg","Clairs sans aurores",4.406,"2026-04-13T11:56:41.650404Z"
138,"4","2026-04-13T11:56:44.550167Z",222,"/data/upload/1/afecdf6e-20231007170900.jpg","Nuageux sans aurores",3.349,"2026-04-13T11:56:44.550167Z"
139,"1","2026-04-13T11:56:45.583169Z",223,"/data/upload/1/a6b9a5d7-20231008193100.jpg","Clairs avec aurores légères",4.534,"2026-04-13T11:56:45.583169Z"
145,"2","2026-04-13T11:57:07.426393Z",224,"/data/upload/1/13524397-20231008204200.jpg","Clairs avec aurores légères",25.111,"2026-04-13T11:57:07.426393Z"
140,"4","2026-04-13T11:56:52.305275Z",225,"/data/upload/1/7a5fc96d-20231009014700.jpg","Nuageux avec aurores légères",7.137,"2026-04-13T11:56:52.305275Z"
144,"1","2026-04-13T11:57:04.329919Z",226,"/data/upload/1/a7e46b38-20231009022600.jpg","Clairs avec aurores légères",18.241,"2026-04-13T11:57:04.329919Z"
141,"4","2026-04-13T11:56:56.232706Z",227,"/data/upload/1/0b18e7d7-20231010022700.jpg","Nuageux sans aurores",3.176,"2026-04-13T11:56:56.232706Z"
142,"4","2026-04-13T11:56:59.599719Z",228,"/data/upload/1/6b029576-20231014185500.jpg","Obstrués",2.448,"2026-04-13T11:56:59.599719Z"
143,"4","2026-04-13T11:57:03.440634Z",229,"/data/upload/1/d4f2f795-20231016234700.jpg","Nuageux sans aurores",3.07,"2026-04-13T11:57:03.440634Z"
146,"4","2026-04-13T11:57:07.880224Z",230,"/data/upload/1/212f3f31-20231017161500.jpg","Clairs sans aurores",3.889,"2026-04-13T11:57:07.880224Z"
147,"1","2026-04-13T11:57:08.371248Z",231,"/data/upload/1/ffab3021-20231018170400.jpg","Clairs avec aurores légères",3.498,"2026-04-13T11:57:08.371248Z"
148,"2","2026-04-13T11:57:10.720314Z",232,"/data/upload/1/1aca22b4-20231020053100.jpg","Clairs sans aurores",2.846,"2026-04-13T11:57:10.720314Z"
149,"4","2026-04-13T11:57:12.283368Z",233,"/data/upload/1/ebb69482-20231020193700.jpg","Clairs avec aurores fortes",3.55,"2026-04-13T11:57:12.283368Z"
150,"1","2026-04-13T11:57:18.673188Z",234,"/data/upload/1/90ebde96-20231021225400.jpg","Clairs avec aurores légères",9.527,"2026-04-13T11:57:18.673188Z"
155,"2","2026-04-13T11:57:26.359002Z",235,"/data/upload/1/fb5839d3-20231022203600.jpg","Clairs avec aurores fortes",15.233,"2026-04-13T11:57:26.359002Z"
151,"4","2026-04-13T11:57:19.718046Z",236,"/data/upload/1/cc81a879-20231022224300.jpg","Obstrués",6.853,"2026-04-13T11:57:19.718046Z"
152,"1","2026-04-13T11:57:22.678681Z",237,"/data/upload/1/61af26cc-20231022225200.jpg","Nuageux sans aurores",3.71,"2026-04-13T11:57:22.678681Z"
153,"4","2026-04-13T11:57:23.109479Z",238,"/data/upload/1/61b5c9e4-20231022233900.jpg","Obstrués",2.591,"2026-04-13T11:57:23.109479Z"
156,"1","2026-04-13T11:57:27.734748Z",239,"/data/upload/1/74de6286-20231024162100.jpg","Clairs sans aurores",4.647,"2026-04-13T11:57:27.734748Z"
154,"4","2026-04-13T11:57:26.227196Z",240,"/data/upload/1/72f4c1e4-20231024174900.jpg","Obstrués",2.185,"2026-04-13T11:57:26.227196Z"
158,"2","2026-04-13T11:57:31.986227Z",241,"/data/upload/1/59559d04-20231024205100.jpg","Nuageux sans aurores",5.15,"2026-04-13T11:57:31.987227Z"
159,"4","2026-04-13T11:57:32.581949Z",242,"/data/upload/1/e89f7ddd-20231025045700.jpg","Nuageux sans aurores",5.422,"2026-04-13T11:57:32.581949Z"
157,"1","2026-04-13T11:57:31.225148Z",243,"/data/upload/1/943c5b2c-20231025183600.jpg","Nuageux sans aurores",2.932,"2026-04-13T11:57:31.225148Z"
160,"1","2026-04-13T11:57:35.282661Z",244,"/data/upload/1/a8981fe1-20231026233800.jpg","Nuageux sans aurores",3.712,"2026-04-13T11:57:35.282661Z"
161,"2","2026-04-13T11:57:35.762580Z",245,"/data/upload/1/01c98615-20231029035700.jpg","Nuageux sans aurores",3.178,"2026-04-13T11:57:35.762580Z"
163,"4","2026-04-13T11:57:39.078519Z",246,"/data/upload/1/90efc444-20231101191200.jpg","Clairs avec aurores légères",5.472,"2026-04-13T11:57:39.078519Z"
162,"1","2026-04-13T11:57:38.867775Z",247,"/data/upload/1/c5d6b9a6-20231102203300.jpg","Nuageux sans aurores",3.304,"2026-04-13T11:57:38.867775Z"
164,"2","2026-04-13T11:57:40.065254Z",248,"/data/upload/1/658582dd-20231103054300.jpg","Clairs sans aurores",3.723,"2026-04-13T11:57:40.065254Z"
165,"1","2026-04-13T11:57:42.358004Z",249,"/data/upload/1/b7c357ae-20231104204300.jpg","Obstrués",3.036,"2026-04-13T11:57:42.359004Z"
167,"4","2026-04-13T11:57:44.210615Z",250,"/data/upload/1/f65191cd-20231107050200.jpg","Nuageux sans aurores",4.086,"2026-04-13T11:57:44.210615Z"
166,"2","2026-04-13T11:57:44.079907Z",251,"/data/upload/1/e7f14390-20231107183700.jpg","Obstrués",3.225,"2026-04-13T11:57:44.079907Z"
168,"1","2026-04-13T11:57:45.715299Z",252,"/data/upload/1/a21a982a-20231108164100.jpg","Obstrués",3.036,"2026-04-13T11:57:45.715299Z"
177,"2","2026-04-13T11:58:36.705674Z",253,"/data/upload/1/f7990cd7-20231109025300.jpg","Obstrués",52.07,"2026-04-13T11:58:36.705674Z"
169,"4","2026-04-13T11:57:53.159643Z",254,"/data/upload/1/f2823527-20231109180400.jpg","Obstrués",8.049,"2026-04-13T11:57:53.159643Z"
170,"1","2026-04-13T11:58:08.191722Z",255,"/data/upload/1/89ce4299-20231109231300.jpg","Clairs avec aurores fortes",21.929,"2026-04-13T11:58:08.191722Z"
173,"4","2026-04-13T11:58:26.403996Z",256,"/data/upload/1/b2c23e7a-20231111203900.jpg","Obstrués",32.394,"2026-04-13T11:58:26.403996Z"
171,"1","2026-04-13T11:58:11.641468Z",257,"/data/upload/1/b479bf6c-20231113234600.jpg","Nuageux sans aurores",3.07,"2026-04-13T11:58:11.641468Z"
181,"1","2026-04-13T11:58:51.983187Z",258,"/data/upload/1/4077be9a-20231114231000.jpg","Nuageux sans aurores",39.895,"2026-04-13T11:58:51.983187Z"
172,"3","2026-04-13T11:58:22.960651Z",259,"/data/upload/1/f14ad8b7-20231115062200.jpg","Nuageux sans aurores",8.408,"2026-04-13T11:58:22.960651Z"
174,"3","2026-04-13T11:58:27.550908Z",260,"/data/upload/1/402b0159-20231115162100.jpg","Nuageux sans aurores",4.207,"2026-04-13T11:58:27.550908Z"
176,"4","2026-04-13T11:58:32.471524Z",261,"/data/upload/1/bb50f80d-20231115185600.jpg","Nuageux sans aurores",5.341,"2026-04-13T11:58:32.471524Z"
175,"3","2026-04-13T11:58:30.639928Z",262,"/data/upload/1/757ed6d8-20231118225800.jpg","Nuageux sans aurores",2.693,"2026-04-13T11:58:30.639928Z"
182,"3","2026-04-13T11:58:52.616197Z",263,"/data/upload/1/8592fa0a-20231120185100.jpg","Clairs avec aurores légères",21.172,"2026-04-13T11:58:52.616197Z"
179,"4","2026-04-13T11:58:48.050656Z",264,"/data/upload/1/702b0302-20231120192000.jpg","Clairs avec aurores légères",14.935,"2026-04-13T11:58:48.050656Z"
178,"2","2026-04-13T11:58:44.374924Z",265,"/data/upload/1/dc6fa2c1-20231121055000.jpg","Clairs sans aurores",7.255,"2026-04-13T11:58:44.374924Z"
180,"2","2026-04-13T11:58:48.457253Z",266,"/data/upload/1/66f6b0b5-20231124000400.jpg","Clairs sans aurores",3.68,"2026-04-13T11:58:48.457253Z"
186,"4","2026-04-13T11:58:58.421685Z",267,"/data/upload/1/39d7d95a-20231124013400.jpg","Nuageux sans aurores",9.768,"2026-04-13T11:58:58.421685Z"
183,"2","2026-04-13T11:58:54.921396Z",268,"/data/upload/1/8bef31b0-20231124194900.jpg","Clairs sans aurores",5.987,"2026-04-13T11:58:54.921396Z"
184,"1","2026-04-13T11:58:57.470286Z",269,"/data/upload/1/2952642f-20231125045100.jpg","Nuageux avec aurores légères",5.168,"2026-04-13T11:58:57.470286Z"
187,"3","2026-04-13T11:59:00.290774Z",270,"/data/upload/1/48c91930-20231125195600.jpg","Nuageux sans aurores",7.037,"2026-04-13T11:59:00.290774Z"
185,"2","2026-04-13T11:58:58.182142Z",271,"/data/upload/1/215e5510-20231126173600.jpg","Nuageux sans aurores",2.844,"2026-04-13T11:58:58.182142Z"
188,"1","2026-04-13T11:59:02.979218Z",272,"/data/upload/1/d0a8812a-20231126212400.jpg","Nuageux sans aurores",5.117,"2026-04-13T11:59:02.979218Z"
195,"2","2026-04-13T11:59:11.511665Z",273,"/data/upload/1/d1ac71e8-20231127144000.jpg","Nuageux sans aurores",12.362,"2026-04-13T11:59:11.511665Z"
189,"4","2026-04-13T11:59:04.255731Z",274,"/data/upload/1/f95bfa8e-20231127213700.jpg","Clairs avec aurores légères",4.82,"2026-04-13T11:59:04.255731Z"
192,"3","2026-04-13T11:59:10.203122Z",275,"/data/upload/1/2e46cd2b-20231127230800.jpg","Clairs sans aurores",9.264,"2026-04-13T11:59:10.203122Z"
190,"1","2026-04-13T11:59:06.633564Z",276,"/data/upload/1/87984233-20231129063700.jpg","Nuageux sans aurores",3.272,"2026-04-13T11:59:06.633564Z"
191,"4","2026-04-13T11:59:07.444007Z",277,"/data/upload/1/3951bb8d-20231130163500.jpg","Obstrués",2.328,"2026-04-13T11:59:07.444007Z"
194,"1","2026-04-13T11:59:10.657995Z",278,"/data/upload/1/b313105a-20231203004900.jpg","Nuageux sans aurores",3.572,"2026-04-13T11:59:10.657995Z"
193,"4","2026-04-13T11:59:10.484932Z",279,"/data/upload/1/a9070876-20231206021600.jpg","Obstrués",2.131,"2026-04-13T11:59:10.484932Z"
197,"3","2026-04-13T11:59:15.889870Z",280,"/data/upload/1/9430c3b3-20231207223000.jpg","Nuageux avec aurores légères",5.235,"2026-04-13T11:59:15.889870Z"
198,"4","2026-04-13T11:59:16.998716Z",281,"/data/upload/1/4eca5837-20231208011800.jpg","Nuageux sans aurores",5.593,"2026-04-13T11:59:16.998716Z"
196,"1","2026-04-13T11:59:14.343132Z",282,"/data/upload/1/56c2f785-20231209024800.jpg","Nuageux sans aurores",2.946,"2026-04-13T11:59:14.343132Z"
199,"2","2026-04-13T11:59:19.463005Z",283,"/data/upload/1/b8499274-20231209215900.jpg","Nuageux sans aurores",6.817,"2026-04-13T11:59:19.463005Z"
203,"1","2026-04-13T11:59:28.909438Z",284,"/data/upload/1/a2ca4976-20231210203600.jpg","Clairs sans aurores",13.951,"2026-04-13T11:59:28.909438Z"
218,"3","2026-04-13T11:59:54.323076Z",285,"/data/upload/1/dbac9099-20231211074200.jpg","Nuageux sans aurores",37.991,"2026-04-13T11:59:54.323076Z"
200,"4","2026-04-13T11:59:22.340513Z",286,"/data/upload/1/5ff55402-20231211171800.jpg","Clairs avec aurores légères",4.66,"2026-04-13T11:59:22.340513Z"
201,"2","2026-04-13T11:59:25.806548Z",287,"/data/upload/1/bec9adbf-20231213220000.jpg","Nuageux sans aurores",5.923,"2026-04-13T11:59:25.806548Z"
206,"4","2026-04-13T11:59:37.156535Z",288,"/data/upload/1/271ce292-20231214024400.jpg","Nuageux avec aurores légères",14.021,"2026-04-13T11:59:37.156535Z"
202,"2","2026-04-13T11:59:28.688163Z",289,"/data/upload/1/e41e0bc4-20231214050900.jpg","Nuageux sans aurores",2.409,"2026-04-13T11:59:28.688163Z"
208,"2","2026-04-13T11:59:40.633655Z",290,"/data/upload/1/81408be9-20231214060800.jpg","Nuageux sans aurores",11.266,"2026-04-13T11:59:40.633655Z"
204,"1","2026-04-13T11:59:32.134654Z",291,"/data/upload/1/fbc0a02c-20231214165900.jpg","Nuageux sans aurores",2.681,"2026-04-13T11:59:32.134654Z"
205,"1","2026-04-13T11:59:35.082860Z",292,"/data/upload/1/7fd2f952-20231214193100.jpg","Nuageux sans aurores",2.533,"2026-04-13T11:59:35.082860Z"
207,"1","2026-04-13T11:59:37.955126Z",293,"/data/upload/1/390e1718-20231214210100.jpg","Nuageux sans aurores",2.548,"2026-04-13T11:59:37.955126Z"
209,"4","2026-04-13T11:59:41.615257Z",294,"/data/upload/1/5111f207-20231215230300.jpg","Clairs avec aurores fortes",3.743,"2026-04-13T11:59:41.615257Z"
210,"1","2026-04-13T11:59:42.347086Z",295,"/data/upload/1/b44da1e6-20231216170100.jpg","Obstrués",3.924,"2026-04-13T11:59:42.347086Z"
211,"2","2026-04-13T11:59:43.741779Z",296,"/data/upload/1/d4131b28-20231216184300.jpg","Obstrués",2.672,"2026-04-13T11:59:43.741779Z"
212,"4","2026-04-13T11:59:44.603029Z",297,"/data/upload/1/5f47398f-20231219185100.jpg","Obstrués",2.312,"2026-04-13T11:59:44.603029Z"
213,"1","2026-04-13T11:59:46.147470Z",298,"/data/upload/1/95c824e8-20231222050000.jpg","Nuageux sans aurores",3.21,"2026-04-13T11:59:46.147470Z"
214,"2","2026-04-13T11:59:47.772352Z",299,"/data/upload/1/8d9b7010-20231222201300.jpg","Nuageux sans aurores",3.441,"2026-04-13T11:59:47.772352Z"
219,"4","2026-04-13T11:59:55.805388Z",300,"/data/upload/1/c83d5ca5-20231223043400.jpg","Obstrués",10.264,"2026-04-13T11:59:55.805388Z"
215,"1","2026-04-13T11:59:49.449008Z",301,"/data/upload/1/62494e8a-20231224165800.jpg","Obstrués",2.935,"2026-04-13T11:59:49.449008Z"
238,"3","2026-04-13T12:00:30.656151Z",302,"/data/upload/1/89bdbc92-20231224184200.jpg","Obstrués",6.475,"2026-04-13T12:00:30.656151Z"
217,"1","2026-04-13T11:59:53.289195Z",303,"/data/upload/1/8ca62721-20231226055500.jpg","Obstrués",3.54,"2026-04-13T11:59:53.289195Z"
236,"2","2026-04-13T12:00:29.389762Z",304,"/data/upload/1/58e031c5-20231226073400.jpg","Obstrués",5.365,"2026-04-13T12:00:29.389762Z"
220,"1","2026-04-13T11:59:56.101016Z",305,"/data/upload/1/2e28a29d-20231226222300.jpg","Nuageux sans aurores",2.391,"2026-04-13T11:59:56.101016Z"
227,"3","2026-04-13T12:00:07.258105Z",306,"/data/upload/1/8efa1345-20231228054900.jpg","Clairs sans aurores",12.392,"2026-04-13T12:00:07.258105Z"
222,"4","2026-04-13T11:59:59.407490Z",307,"/data/upload/1/f2a6724f-20231229180100.jpg","Obstrués",2.711,"2026-04-13T11:59:59.407490Z"
221,"1","2026-04-13T11:59:59.264724Z",308,"/data/upload/1/de81d573-20231230030700.jpg","Nuageux sans aurores",2.727,"2026-04-13T11:59:59.264724Z"
223,"1","2026-04-13T12:00:02.368343Z",309,"/data/upload/1/b3bd9459-20231230044700.jpg","Nuageux sans aurores",2.599,"2026-04-13T12:00:02.368343Z"
224,"4","2026-04-13T12:00:03.707216Z",310,"/data/upload/1/7069dc22-20231231055900.jpg","Clairs sans aurores",3.155,"2026-04-13T12:00:03.707216Z"
225,"1","2026-04-13T12:00:06.247769Z",311,"/data/upload/1/f320e77d-00091_20221031002700.jpg","Clairs avec aurores légères",3.607,"2026-04-13T12:00:06.247769Z"
226,"4","2026-04-13T12:00:06.871334Z",312,"/data/upload/1/f2fef5ac-00092_20221020195500.jpg","Obstrués",2.283,"2026-04-13T12:00:06.871334Z"
228,"1","2026-04-13T12:00:08.977916Z",313,"/data/upload/1/97fa3d7a-00093_20221125192500.jpg","Nuageux sans aurores",2.368,"2026-04-13T12:00:08.977916Z"
231,"4","2026-04-13T12:00:16.513509Z",314,"/data/upload/1/03c68ed5-00094_20221101005400.jpg","Nuageux avec aurores fortes",8.661,"2026-04-13T12:00:16.513509Z"
229,"3","2026-04-13T12:00:11.929659Z",315,"/data/upload/1/e9b71762-00095_20221216203900.jpg","Clairs avec aurores légères",3.998,"2026-04-13T12:00:11.929659Z"
230,"1","2026-04-13T12:00:13.418484Z",316,"/data/upload/1/9ca626a9-00096_20221213160900.jpg","Nuageux sans aurores",3.845,"2026-04-13T12:00:13.418484Z"
233,"3","2026-04-13T12:00:23.717998Z",317,"/data/upload/1/4eb86372-00097_20221221043400.jpg","Obstrués",11.363,"2026-04-13T12:00:23.717998Z"
234,"1","2026-04-13T12:00:24.212551Z",318,"/data/upload/1/41a56cc6-00098_20220928211100.jpg","Nuageux sans aurores",10.367,"2026-04-13T12:00:24.212551Z"
232,"4","2026-04-13T12:00:21.039230Z",319,"/data/upload/1/bcf994ac-00099_20221223064100.jpg","Nuageux sans aurores",3.807,"2026-04-13T12:00:21.039230Z"
235,"4","2026-04-13T12:00:25.956249Z",320,"/data/upload/1/20ff271c-00000_20221128231600.jpg","Clairs avec aurores légères",4.224,"2026-04-13T12:00:25.956249Z"
239,"1","2026-04-13T12:00:31.256265Z",321,"/data/upload/1/12c4de26-00001_20221120194300.jpg","Clairs avec aurores légères",6.332,"2026-04-13T12:00:31.256265Z"
237,"4","2026-04-13T12:00:29.958769Z",322,"/data/upload/1/72b47f4a-00002_20221107040900.jpg","Clairs sans aurores",2.949,"2026-04-13T12:00:29.958769Z"
242,"2","2026-04-13T12:00:38.054010Z",323,"/data/upload/1/428725a7-00003_20221002200600.jpg","Clairs avec aurores légères",8.241,"2026-04-13T12:00:38.054010Z"
240,"4","2026-04-13T12:00:35.762740Z",324,"/data/upload/1/33c9a805-00004_20221126235000.jpg","Nuageux sans aurores",5.132,"2026-04-13T12:00:35.762740Z"
317,"3","2026-04-13T12:03:54.642084Z",325,"/data/upload/1/b92fc3bd-00005_20220925234200.jpg","Nuageux sans aurores",203.252,"2026-04-13T12:03:54.642084Z"
241,"1","2026-04-13T12:00:36.574248Z",326,"/data/upload/1/839792c2-00006_20221206024200.jpg","Nuageux sans aurores",4.542,"2026-04-13T12:00:36.574248Z"
243,"4","2026-04-13T12:00:39.216827Z",327,"/data/upload/1/ec6c9027-00007_20221104223100.jpg","Nuageux sans aurores",2.9,"2026-04-13T12:00:39.216827Z"
245,"1","2026-04-13T12:00:45.978285Z",328,"/data/upload/1/9e986589-00008_20221219214400.jpg","Clairs avec aurores fortes",8.998,"2026-04-13T12:00:45.978285Z"
254,"2","2026-04-13T12:01:03.013373Z",329,"/data/upload/1/09fa4e8d-00009_20221203021800.jpg","Nuageux sans aurores",24.414,"2026-04-13T12:01:03.013373Z"
244,"4","2026-04-13T12:00:42.353225Z",330,"/data/upload/1/33fe1e2d-00010_20221214010200.jpg","Obstrués",2.494,"2026-04-13T12:00:42.353225Z"
246,"4","2026-04-13T12:00:46.715907Z",331,"/data/upload/1/d58065e4-00011_20221019004000.jpg","Nuageux avec aurores légères",3.718,"2026-04-13T12:00:46.715907Z"
247,"1","2026-04-13T12:00:50.858185Z",332,"/data/upload/1/94cc6943-00012_20221216022800.jpg","Clairs avec aurores légères",4.588,"2026-04-13T12:00:50.858185Z"
248,"4","2026-04-13T12:00:52.366758Z",333,"/data/upload/1/dbead4b0-00013_20221109213000.jpg","Obstrués",4.84,"2026-04-13T12:00:52.366758Z"
249,"1","2026-04-13T12:00:53.809543Z",334,"/data/upload/1/701007b9-00014_20221217164200.jpg","Nuageux sans aurores",2.654,"2026-04-13T12:00:53.809543Z"
250,"4","2026-04-13T12:00:55.846922Z",335,"/data/upload/1/dfcfb548-00015_20221026004700.jpg","Obstrués",2.665,"2026-04-13T12:00:55.846922Z"
251,"1","2026-04-13T12:00:57.800405Z",336,"/data/upload/1/34a21a97-00016_20221221034900.jpg","Obstrués",3.686,"2026-04-13T12:00:57.800405Z"
252,"4","2026-04-13T12:01:00.690068Z",337,"/data/upload/1/b8f5dc8a-00017_20221011202400.jpg","Clairs avec aurores légères",4.153,"2026-04-13T12:01:00.690068Z"
253,"1","2026-04-13T12:01:02.498119Z",338,"/data/upload/1/c5bf8e29-00018_20221120171200.jpg","Clairs avec aurores légères",4.377,"2026-04-13T12:01:02.498119Z"
255,"4","2026-04-13T12:01:05.053086Z",339,"/data/upload/1/c34ee885-00019_20221125003000.jpg","Obstrués",3.719,"2026-04-13T12:01:05.053086Z"
258,"1","2026-04-13T12:01:11.116179Z",340,"/data/upload/1/90bfb39b-00020_20221212155200.jpg","Clairs sans aurores",8.25,"2026-04-13T12:01:11.116179Z"
256,"2","2026-04-13T12:01:07.606061Z",341,"/data/upload/1/b78d40b4-00021_20221214054700.jpg","Nuageux sans aurores",3.996,"2026-04-13T12:01:07.606061Z"
257,"4","2026-04-13T12:01:09.155942Z",342,"/data/upload/1/10091c69-00022_20221022000000.jpg","Nuageux avec aurores légères",3.414,"2026-04-13T12:01:09.155942Z"
261,"2","2026-04-13T12:01:20.037587Z",343,"/data/upload/1/bcbcbb18-00023_20220930224100.jpg","Nuageux sans aurores",12.009,"2026-04-13T12:01:20.037587Z"
262,"4","2026-04-13T12:01:21.726162Z",344,"/data/upload/1/70a868de-00024_20220929212000.jpg","Nuageux avec aurores légères",11.821,"2026-04-13T12:01:21.726162Z"
259,"1","2026-04-13T12:01:14.800129Z",345,"/data/upload/1/69d9c8a8-00025_20221221224900.jpg","Nuageux sans aurores",2.836,"2026-04-13T12:01:14.800129Z"
260,"1","2026-04-13T12:01:17.866818Z",346,"/data/upload/1/9eef0338-00026_20221205042000.jpg","Obstrués",2.732,"2026-04-13T12:01:17.866818Z"
263,"1","2026-04-13T12:01:22.048864Z",347,"/data/upload/1/8ed8f8fe-00027_20221115011100.jpg","Clairs sans aurores",3.829,"2026-04-13T12:01:22.048864Z"
264,"2","2026-04-13T12:01:23.431099Z",348,"/data/upload/1/2328e81f-00028_20221220225500.jpg","Obstrués",2.846,"2026-04-13T12:01:23.431099Z"
265,"4","2026-04-13T12:01:26.356222Z",349,"/data/upload/1/10754922-00029_20221117234700.jpg","Clairs avec aurores légères",3.833,"2026-04-13T12:01:26.356222Z"
266,"1","2026-04-13T12:01:27.344623Z",350,"/data/upload/1/737a4663-00030_20221020052400.jpg","Nuageux sans aurores",4.775,"2026-04-13T12:01:27.344623Z"
267,"2","2026-04-13T12:01:30.698178Z",351,"/data/upload/1/cc30daf5-00031_20221216215400.jpg","Nuageux avec aurores légères",6.468,"2026-04-13T12:01:30.698178Z"
269,"4","2026-04-13T12:01:31.299515Z",352,"/data/upload/1/636ad198-00032_20221025015700.jpg","Nuageux avec aurores légères",4.127,"2026-04-13T12:01:31.299515Z"
268,"1","2026-04-13T12:01:31.070788Z",353,"/data/upload/1/449cc7ca-00033_20221002174900.jpg","Nuageux sans aurores",3.249,"2026-04-13T12:01:31.070788Z"
270,"2","2026-04-13T12:01:34.883925Z",354,"/data/upload/1/ac2ea78f-00034_20221117061800.jpg","Clairs sans aurores",3.673,"2026-04-13T12:01:34.883925Z"
272,"1","2026-04-13T12:01:36.259279Z",355,"/data/upload/1/b7a7fa3d-00035_20221006173000.jpg","Nuageux sans aurores",3.102,"2026-04-13T12:01:36.259279Z"
271,"4","2026-04-13T12:01:35.822295Z",356,"/data/upload/1/01e883e6-00036_20221127183800.jpg","Nuageux avec aurores légères",3.553,"2026-04-13T12:01:35.822295Z"
273,"2","2026-04-13T12:01:38.865934Z",357,"/data/upload/1/e845ec1f-00037_20221019160500.jpg","Clairs sans aurores",3.469,"2026-04-13T12:01:38.865934Z"
275,"4","2026-04-13T12:01:41.724837Z",358,"/data/upload/1/7cbc4fdb-00038_20221023033400.jpg","Clairs avec aurores légères",4.885,"2026-04-13T12:01:41.724837Z"
274,"1","2026-04-13T12:01:40.496834Z",359,"/data/upload/1/016790cb-00039_20221130013700.jpg","Nuageux sans aurores",3.623,"2026-04-13T12:01:40.496834Z"
277,"2","2026-04-13T12:01:44.887627Z",360,"/data/upload/1/f605c2b0-00040_20221015031000.jpg","Nuageux sans aurores",5.218,"2026-04-13T12:01:44.887627Z"
276,"1","2026-04-13T12:01:44.421691Z",361,"/data/upload/1/faec325a-00041_20221208014600.jpg","Obstrués",3.351,"2026-04-13T12:01:44.421691Z"
278,"4","2026-04-13T12:01:47.044978Z",362,"/data/upload/1/ba07c3f4-00042_20221021211500.jpg","Nuageux avec aurores légères",4.053,"2026-04-13T12:01:47.044978Z"
279,"1","2026-04-13T12:01:48.562674Z",363,"/data/upload/1/76025e4e-00043_20221214000700.jpg","Obstrués",3.214,"2026-04-13T12:01:48.562674Z"
280,"2","2026-04-13T12:01:50.416909Z",364,"/data/upload/1/2f81e169-00044_20221113042200.jpg","Nuageux sans aurores",4.124,"2026-04-13T12:01:50.416909Z"
282,"4","2026-04-13T12:01:59.523788Z",365,"/data/upload/1/2fac1016-00045_20221127020200.jpg","Nuageux avec aurores légères",4.464,"2026-04-13T12:01:59.523788Z"
281,"1","2026-04-13T12:01:57.278882Z",366,"/data/upload/1/93165c2a-00046_20221218154100.jpg","Nuageux sans aurores",3.8,"2026-04-13T12:01:57.278882Z"
287,"2","2026-04-13T12:02:12.205004Z",367,"/data/upload/1/0a48cfa5-00047_20221023221700.jpg","Nuageux avec aurores fortes",17.303,"2026-04-13T12:02:12.205004Z"
284,"1","2026-04-13T12:02:05.892446Z",368,"/data/upload/1/05313f51-00048_20221111162000.jpg","Clairs avec aurores légères",5.196,"2026-04-13T12:02:05.892446Z"
283,"4","2026-04-13T12:02:04.510905Z",369,"/data/upload/1/ff65b0c0-00049_20221221025400.jpg","Obstrués",2.738,"2026-04-13T12:02:04.510905Z"
286,"4","2026-04-13T12:02:10.315161Z",370,"/data/upload/1/b1745f15-00050_20221006182500.jpg","Clairs avec aurores fortes",4.852,"2026-04-13T12:02:10.316161Z"
285,"1","2026-04-13T12:02:09.258877Z",371,"/data/upload/1/39da00ce-00051_20221119004000.jpg","Clairs avec aurores légères",2.905,"2026-04-13T12:02:09.258877Z"
288,"1","2026-04-13T12:02:13.410652Z",372,"/data/upload/1/a746fe4d-00052_20221120160700.jpg","Clairs sans aurores",3.829,"2026-04-13T12:02:13.410652Z"
289,"4","2026-04-13T12:02:15.270107Z",373,"/data/upload/1/a07fc111-00053_20221104022200.jpg","Obstrués",4.11,"2026-04-13T12:02:15.270107Z"
290,"2","2026-04-13T12:02:16.604611Z",374,"/data/upload/1/2c0472d0-00054_20221016190700.jpg","Nuageux sans aurores",3.934,"2026-04-13T12:02:16.604611Z"
291,"1","2026-04-13T12:02:17.158758Z",375,"/data/upload/1/e3215582-00055_20221205164400.jpg","Nuageux sans aurores",3.265,"2026-04-13T12:02:17.158758Z"
292,"4","2026-04-13T12:02:19.227994Z",376,"/data/upload/1/a2fc0a4b-00056_20221201141100.jpg","Nuageux sans aurores",3.219,"2026-04-13T12:02:19.227994Z"
293,"2","2026-04-13T12:02:21.312798Z",377,"/data/upload/1/843b6e60-00057_20221101043400.jpg","Clairs sans aurores",4.197,"2026-04-13T12:02:21.312798Z"
294,"1","2026-04-13T12:02:22.064568Z",378,"/data/upload/1/814bf842-00058_20221220214400.jpg","Obstrués",4.29,"2026-04-13T12:02:22.064568Z"
295,"4","2026-04-13T12:02:22.511061Z",379,"/data/upload/1/41ec6d05-00059_20221106010100.jpg","Obstrués",2.35,"2026-04-13T12:02:22.511061Z"
296,"2","2026-04-13T12:02:24.415484Z",380,"/data/upload/1/879602ca-00060_20220928012800.jpg","Nuageux sans aurores",2.552,"2026-04-13T12:02:24.415484Z"
297,"1","2026-04-13T12:02:27.503580Z",381,"/data/upload/1/f31c339a-00061_20221019002200.jpg","Nuageux avec aurores légères",4.843,"2026-04-13T12:02:27.503580Z"
299,"4","2026-04-13T12:02:28.039219Z",382,"/data/upload/1/64ee5f7b-00062_20221113175300.jpg","Nuageux avec aurores légères",3.88,"2026-04-13T12:02:28.039219Z"
298,"2","2026-04-13T12:02:27.821997Z",383,"/data/upload/1/642b1a50-00063_20221012174900.jpg","Clairs sans aurores",2.552,"2026-04-13T12:02:27.821997Z"
301,"1","2026-04-13T12:02:33.943413Z",384,"/data/upload/1/b7fe09d1-00064_20221112202200.jpg","Nuageux sans aurores",5.98,"2026-04-13T12:02:33.943413Z"
300,"2","2026-04-13T12:02:31.546211Z",385,"/data/upload/1/6c92d717-00065_20221202184800.jpg","Nuageux sans aurores",2.791,"2026-04-13T12:02:31.546211Z"
302,"4","2026-04-13T12:02:39.888892Z",386,"/data/upload/1/994fbb4c-00066_20221102061600.jpg","Obstrués",10.279,"2026-04-13T12:02:39.888892Z"
326,"2","2026-04-13T12:04:25.700542Z",387,"/data/upload/1/7c122a88-00067_20221008182100.jpg","Nuageux avec aurores fortes",113.617,"2026-04-13T12:04:25.700542Z"
303,"1","2026-04-13T12:02:44.898996Z",388,"/data/upload/1/ab605972-00068_20221215021000.jpg","Clairs avec aurores légères",10.605,"2026-04-13T12:02:44.898996Z"
304,"4","2026-04-13T12:02:46.761467Z",389,"/data/upload/1/c0f1f313-00069_20221009171100.jpg","Clairs sans aurores",3.61,"2026-04-13T12:02:46.761467Z"
307,"5","2026-04-13T12:02:58.397852Z",390,"/data/upload/1/9b4e1df6-00070_20221031023700.jpg","Clairs avec aurores légères",16.613,"2026-04-13T12:02:58.397852Z"
306,"1","2026-04-13T12:02:54.513746Z",391,"/data/upload/1/aded4238-00071_20221210052200.jpg","Nuageux sans aurores",8.849,"2026-04-13T12:02:54.513746Z"
305,"4","2026-04-13T12:02:50.731934Z",392,"/data/upload/1/7d901a89-00072_20221203174500.jpg","Obstrués",2.977,"2026-04-13T12:02:50.731934Z"
308,"4","2026-04-13T12:02:59.791376Z",393,"/data/upload/1/80d0d135-00073_20221014202300.jpg","Nuageux sans aurores",8.295,"2026-04-13T12:02:59.791376Z"
314,"1","2026-04-13T12:03:30.912660Z",394,"/data/upload/1/56028dbc-00074_20221217142300.jpg","Nuageux sans aurores",35.783,"2026-04-13T12:03:30.913672Z"
310,"5","2026-04-13T12:03:06.851486Z",395,"/data/upload/1/8eb0c544-00075_20221216020700.jpg","Nuageux avec aurores légères",8.103,"2026-04-13T12:03:06.851486Z"
309,"4","2026-04-13T12:03:03.131061Z",396,"/data/upload/1/57bf6675-00076_20221208043400.jpg","Obstrués",2.608,"2026-04-13T12:03:03.131061Z"
311,"4","2026-04-13T12:03:09.500950Z",397,"/data/upload/1/dc053d7a-00077_20221220020700.jpg","Nuageux avec aurores légères",5.637,"2026-04-13T12:03:09.500950Z"
318,"5","2026-04-13T12:04:02.517654Z",398,"/data/upload/1/34b37beb-00078_20221009204800.jpg","Nuageux avec aurores légères",55.315,"2026-04-13T12:04:02.517654Z"
312,"4","2026-04-13T12:03:13.014874Z",399,"/data/upload/1/20d4ed8b-00079_20220924013100.jpg","Obstrués",2.834,"2026-04-13T12:03:13.014874Z"
313,"4","2026-04-13T12:03:18.118954Z",400,"/data/upload/1/4782635c-00080_20220927002900.jpg","Nuageux avec aurores légères",4.591,"2026-04-13T12:03:18.118954Z"
315,"4","2026-04-13T12:03:31.184020Z",401,"/data/upload/1/e6ac6646-00081_20220929235300.jpg","Nuageux avec aurores légères",12.18,"2026-04-13T12:03:31.184020Z"
316,"1","2026-04-13T12:03:42.085219Z",402,"/data/upload/1/eda2abac-00082_20221030194000.jpg","Nuageux avec aurores légères",9.663,"2026-04-13T12:03:42.085219Z"
319,"4","2026-04-13T12:04:09.643325Z",403,"/data/upload/1/0354434b-00083_20221007173500.jpg","Nuageux avec aurores légères",37.69,"2026-04-13T12:04:09.643325Z"
320,"1","2026-04-13T12:04:10.381386Z",404,"/data/upload/1/18817195-00084_20221114055700.jpg","Clairs sans aurores",27.792,"2026-04-13T12:04:10.381386Z"
323,"3","2026-04-13T12:04:15.388402Z",405,"/data/upload/1/023437ea-00085_20221022003800.jpg","Nuageux sans aurores",20.164,"2026-04-13T12:04:15.388402Z"
372,"5","2026-04-13T12:06:44.327143Z",406,"/data/upload/1/0996313c-00086_20220926224400.jpg","Nuageux avec aurores légères",161.455,"2026-04-13T12:06:44.327143Z"
321,"4","2026-04-13T12:04:14.343389Z",407,"/data/upload/1/22748572-00087_20221209065200.jpg","Clairs sans aurores",4.044,"2026-04-13T12:04:14.343389Z"
322,"1","2026-04-13T12:04:14.630392Z",408,"/data/upload/1/dcf60632-00088_20221106054300.jpg","Clairs sans aurores",3.692,"2026-04-13T12:04:14.630392Z"
344,"4","2026-04-13T12:05:13.339111Z",409,"/data/upload/1/da735415-00089_20221221161500.jpg","Obstrués",58.077,"2026-04-13T12:05:13.339111Z"
324,"1","2026-04-13T12:04:21.671376Z",410,"/data/upload/1/25288ea0-00090_20221113210900.jpg","Clairs sans aurores",6.463,"2026-04-13T12:04:21.671376Z"
325,"3","2026-04-13T12:04:22.060491Z",411,"/data/upload/1/8003ad50-20240101163300.jpeg","Clairs avec aurores légères",5.649,"2026-04-13T12:04:22.060491Z"
327,"1","2026-04-13T12:04:30.194204Z",412,"/data/upload/1/d2ce20cc-20240101184400.jpeg","Clairs avec aurores fortes",8.196,"2026-04-13T12:04:30.194204Z"
332,"3","2026-04-13T12:04:44.377840Z",413,"/data/upload/1/5a0e929b-20240101200600.jpeg","Clairs avec aurores légères",21.691,"2026-04-13T12:04:44.377840Z"
328,"2","2026-04-13T12:04:30.659061Z",414,"/data/upload/1/2908fe2d-20240102001200.jpeg","Clairs avec aurores légères",4.493,"2026-04-13T12:04:30.659061Z"
329,"1","2026-04-13T12:04:33.872541Z",415,"/data/upload/1/1931573f-20240102024500.jpeg","Clairs avec aurores fortes",3.349,"2026-04-13T12:04:33.872541Z"
337,"2","2026-04-13T12:04:56.472533Z",416,"/data/upload/1/673724cc-20240102070600.jpeg","Clairs sans aurores",25.087,"2026-04-13T12:04:56.472533Z"
330,"1","2026-04-13T12:04:37.700346Z",417,"/data/upload/1/5841b644-20240102221600.jpeg","Clairs sans aurores",3.352,"2026-04-13T12:04:37.700346Z"
331,"1","2026-04-13T12:04:42.229750Z",418,"/data/upload/1/17bf407b-20240103031400.jpeg","Clairs avec aurores légères",4.217,"2026-04-13T12:04:42.229750Z"
333,"1","2026-04-13T12:04:46.262622Z",419,"/data/upload/1/0da635cb-20240103062900.jpeg","Clairs sans aurores",3.736,"2026-04-13T12:04:46.262622Z"
334,"3","2026-04-13T12:04:51.374428Z",420,"/data/upload/1/6788ac8d-20240103063300.jpeg","Clairs sans aurores",6.583,"2026-04-13T12:04:51.374428Z"
335,"1","2026-04-13T12:04:53.538712Z",421,"/data/upload/1/758bb577-20240103160200.jpeg","Clairs avec aurores légères",6.976,"2026-04-13T12:04:53.538712Z"
336,"3","2026-04-13T12:04:56.381229Z",422,"/data/upload/1/76912397-20240103190900.jpeg","Clairs avec aurores légères",4.588,"2026-04-13T12:04:56.381229Z"
338,"1","2026-04-13T12:05:03.531085Z",423,"/data/upload/1/9703c9a7-20240104181800.jpeg","Clairs sans aurores",9.381,"2026-04-13T12:05:03.531085Z"
339,"3","2026-04-13T12:05:04.453487Z",424,"/data/upload/1/8ff7db18-20240105013500.jpeg","Clairs avec aurores fortes",7.628,"2026-04-13T12:05:04.453487Z"
368,"2","2026-04-13T12:06:24.564199Z",425,"/data/upload/1/7c649825-20240105060500.jpeg","Nuageux sans aurores",8.598,"2026-04-13T12:06:24.564199Z"
340,"1","2026-04-13T12:05:07.826059Z",426,"/data/upload/1/0e37fccf-20240105071500.jpeg","Clairs sans aurores",3.796,"2026-04-13T12:05:07.826059Z"
341,"3","2026-04-13T12:05:08.918813Z",427,"/data/upload/1/820ed61f-20240105200600.jpeg","Nuageux sans aurores",3.924,"2026-04-13T12:05:08.918813Z"
343,"1","2026-04-13T12:05:12.857508Z",428,"/data/upload/1/df388680-20240105205600.jpeg","Nuageux sans aurores",4.682,"2026-04-13T12:05:12.857508Z"
342,"3","2026-04-13T12:05:12.331933Z",429,"/data/upload/1/5fc72b4c-20240105221400.jpeg","Nuageux sans aurores",2.936,"2026-04-13T12:05:12.331933Z"
349,"3","2026-04-13T12:05:35.732100Z",430,"/data/upload/1/69c1eb20-20240105223100.jpeg","Nuageux sans aurores",22.783,"2026-04-13T12:05:35.733099Z"
345,"1","2026-04-13T12:05:16.132914Z",431,"/data/upload/1/059384e4-20240106011500.jpeg","Nuageux sans aurores",2.593,"2026-04-13T12:05:16.132914Z"
346,"4","2026-04-13T12:05:18.283553Z",432,"/data/upload/1/8a9b7ea2-20240106011600.jpeg","Nuageux sans aurores",3.238,"2026-04-13T12:05:18.283553Z"
350,"1","2026-04-13T12:05:41.130659Z",433,"/data/upload/1/84d4ace9-20240106024100.jpeg","Nuageux avec aurores légères",23.667,"2026-04-13T12:05:41.130659Z"
347,"4","2026-04-13T12:05:23.574678Z",434,"/data/upload/1/625f2ec5-20240106163900.jpeg","Nuageux sans aurores",3.023,"2026-04-13T12:05:23.574678Z"
348,"4","2026-04-13T12:05:29.364138Z",435,"/data/upload/1/9d155bee-20240106180400.jpeg","Nuageux sans aurores",4.947,"2026-04-13T12:05:29.364138Z"
351,"4","2026-04-13T12:05:45.843890Z",436,"/data/upload/1/45223b49-20240106190100.jpeg","Nuageux sans aurores",15.02,"2026-04-13T12:05:45.843890Z"
353,"3","2026-04-13T12:05:52.763158Z",437,"/data/upload/1/16facba7-20240106221500.jpeg","Nuageux avec aurores légères",16.007,"2026-04-13T12:05:52.763158Z"
354,"1","2026-04-13T12:05:54.527604Z",438,"/data/upload/1/3d008959-20240106223400.jpeg","Clairs avec aurores légères",13.082,"2026-04-13T12:05:54.527604Z"
352,"4","2026-04-13T12:05:50.528342Z",439,"/data/upload/1/47bb1e40-20240107001900.jpeg","Nuageux avec aurores légères",3.642,"2026-04-13T12:05:50.528342Z"
355,"4","2026-04-13T12:05:58.143979Z",440,"/data/upload/1/dd0a18c7-20240107004200.jpeg","Nuageux avec aurores légères",6.839,"2026-04-13T12:05:58.143979Z"
356,"3","2026-04-13T12:05:59.249006Z",441,"/data/upload/1/57aae227-20240107022600.jpeg","Nuageux sans aurores",6.078,"2026-04-13T12:05:59.249006Z"
357,"1","2026-04-13T12:05:59.704068Z",442,"/data/upload/1/81dedc5c-20240107035800.jpeg","Nuageux sans aurores",4.684,"2026-04-13T12:05:59.704068Z"
358,"4","2026-04-13T12:06:02.826300Z",443,"/data/upload/1/3853c873-20240107050200.jpeg","Nuageux sans aurores",3.744,"2026-04-13T12:06:02.826300Z"
359,"3","2026-04-13T12:06:03.335884Z",444,"/data/upload/1/acd514ed-20240107050800.jpeg","Nuageux sans aurores",3.166,"2026-04-13T12:06:03.335884Z"
360,"1","2026-04-13T12:06:05.778069Z",445,"/data/upload/1/3893657e-20240107053000.jpeg","Nuageux sans aurores",4.755,"2026-04-13T12:06:05.778069Z"
361,"4","2026-04-13T12:06:08.379845Z",446,"/data/upload/1/1f516fa1-20240107053100.jpeg","Nuageux sans aurores",2.8,"2026-04-13T12:06:08.379845Z"
362,"3","2026-04-13T12:06:11.217963Z",447,"/data/upload/1/c3ae587a-20240107140400.jpeg","Clairs sans aurores",5.714,"2026-04-13T12:06:11.217963Z"
363,"1","2026-04-13T12:06:13.466021Z",448,"/data/upload/1/3966d0d1-20240107200400.jpeg","Nuageux sans aurores",6.038,"2026-04-13T12:06:13.466021Z"
364,"4","2026-04-13T12:06:17.298126Z",449,"/data/upload/1/aa29b1b1-20240107214400.jpeg","Nuageux avec aurores légères",7.135,"2026-04-13T12:06:17.298126Z"
365,"3","2026-04-13T12:06:21.552027Z",450,"/data/upload/1/8f2a5d12-20240107235800.jpeg","Nuageux sans aurores",9.159,"2026-04-13T12:06:21.552027Z"
366,"1","2026-04-13T12:06:23.526989Z",451,"/data/upload/1/f8d91bdd-20240108010100.jpeg","Clairs avec aurores légères",8.588,"2026-04-13T12:06:23.526989Z"
367,"4","2026-04-13T12:06:23.563521Z",452,"/data/upload/1/84845a16-20240108014700.jpeg","Nuageux sans aurores",4.847,"2026-04-13T12:06:23.563521Z"
369,"3","2026-04-13T12:06:29.775900Z",453,"/data/upload/1/2f7e0ae9-20240108023600.jpeg","Clairs sans aurores",7.848,"2026-04-13T12:06:29.775900Z"
374,"1","2026-04-13T12:06:54.504953Z",454,"/data/upload/1/1bbc7eae-20240108024000.jpeg","Nuageux sans aurores",30.47,"2026-04-13T12:06:54.504953Z"
385,"4","2026-04-13T12:07:26.698808Z",455,"/data/upload/1/e05acb73-20240108040100.jpeg","Nuageux sans aurores",62.007,"2026-04-13T12:07:26.698808Z"
394,"2","2026-04-13T12:08:08.107066Z",456,"/data/upload/1/9ff1152a-20240108043700.jpeg","Nuageux sans aurores",102.698,"2026-04-13T12:08:08.107066Z"
370,"3","2026-04-13T12:06:34.053405Z",457,"/data/upload/1/9cd6808b-20240108052000.jpeg","Nuageux sans aurores",3.854,"2026-04-13T12:06:34.053405Z"
371,"3","2026-04-13T12:06:42.215428Z",458,"/data/upload/1/c4b03e13-20240108134800.jpeg","Clairs sans aurores",7.73,"2026-04-13T12:06:42.215428Z"
375,"3","2026-04-13T12:07:00.982188Z",459,"/data/upload/1/3bc255a5-20240108135100.jpeg","Nuageux sans aurores",18.367,"2026-04-13T12:07:00.982188Z"
373,"5","2026-04-13T12:06:53.955182Z",460,"/data/upload/1/b437ec50-20240108144700.jpeg","Nuageux sans aurores",9.272,"2026-04-13T12:06:53.955182Z"
377,"5","2026-04-13T12:07:08.089960Z",461,"/data/upload/1/b67b4309-20240108161700.jpeg","Clairs avec aurores légères",13.802,"2026-04-13T12:07:08.089960Z"
376,"1","2026-04-13T12:07:02.049034Z",462,"/data/upload/1/9f15d261-20240108180100.jpeg","Nuageux sans aurores",7.047,"2026-04-13T12:07:02.049034Z"
379,"3","2026-04-13T12:07:14.796337Z",463,"/data/upload/1/31f67e15-20240108203200.jpeg","Nuageux avec aurores légères",13.344,"2026-04-13T12:07:14.796337Z"
380,"1","2026-04-13T12:07:16.181880Z",464,"/data/upload/1/3a54d6ca-20240109025000.jpeg","Nuageux avec aurores légères",13.435,"2026-04-13T12:07:16.181880Z"
378,"5","2026-04-13T12:07:11.998060Z",465,"/data/upload/1/d172ac3f-20240109051700.jpeg","Nuageux sans aurores",3.572,"2026-04-13T12:07:11.998060Z"
382,"5","2026-04-13T12:07:22.813624Z",466,"/data/upload/1/64ded27a-20240109064200.jpeg","Clairs sans aurores",10.5,"2026-04-13T12:07:22.813624Z"
383,"3","2026-04-13T12:07:23.128105Z",467,"/data/upload/1/bc1cecbe-20240109134300.jpeg","Nuageux sans aurores",7.906,"2026-04-13T12:07:23.128105Z"
381,"1","2026-04-13T12:07:20.930258Z",468,"/data/upload/1/bb0b259f-20240109160800.jpeg","Nuageux sans aurores",4.263,"2026-04-13T12:07:20.930258Z"
384,"1","2026-04-13T12:07:25.914245Z",469,"/data/upload/1/fbee9d19-20240109165200.jpeg","Nuageux sans aurores",4.569,"2026-04-13T12:07:25.914245Z"
387,"5","2026-04-13T12:07:43.391100Z",470,"/data/upload/1/20ee0b8f-20240109180200.jpeg","Nuageux avec aurores légères",20.207,"2026-04-13T12:07:43.391100Z"
388,"3","2026-04-13T12:07:51.188251Z",471,"/data/upload/1/3e6b66fe-20240110000000.jpeg","Nuageux avec aurores légères",27.521,"2026-04-13T12:07:51.188251Z"
389,"1","2026-04-13T12:07:55.291644Z",472,"/data/upload/1/c24e92cd-20240110142400.jpeg","Clairs sans aurores",28.958,"2026-04-13T12:07:55.291644Z"
386,"4","2026-04-13T12:07:41.957824Z",473,"/data/upload/1/2e55ee96-20240110162300.jpeg","Nuageux avec aurores légères",14.452,"2026-04-13T12:07:41.957824Z"
392,"4","2026-04-13T12:08:05.381780Z",474,"/data/upload/1/eee9f782-20240111003200.jpeg","Obstrués",22.877,"2026-04-13T12:08:05.381780Z"
399,"5","2026-04-13T12:08:13.063590Z",475,"/data/upload/1/b9a31e84-20240111012000.jpeg","Obstrués",29.244,"2026-04-13T12:08:13.063590Z"
391,"3","2026-04-13T12:08:03.660005Z",476,"/data/upload/1/569a3c14-20240111020500.jpeg","Obstrués",12.014,"2026-04-13T12:08:03.660005Z"
390,"1","2026-04-13T12:08:02.529532Z",477,"/data/upload/1/cfde6c05-20240111021100.jpeg","Obstrués",6.787,"2026-04-13T12:08:02.529532Z"
393,"1","2026-04-13T12:08:06.990040Z",478,"/data/upload/1/1dbb41c3-20240111030800.jpeg","Obstrués",3.963,"2026-04-13T12:08:06.990040Z"
396,"3","2026-04-13T12:08:11.768178Z",479,"/data/upload/1/e6e6ed0e-20240111040300.jpeg","Nuageux sans aurores",7.645,"2026-04-13T12:08:11.768178Z"
395,"4","2026-04-13T12:08:11.674142Z",480,"/data/upload/1/a45cdead-20240111054100.jpeg","Obstrués",5.78,"2026-04-13T12:08:11.674142Z"
398,"1","2026-04-13T12:08:13.034590Z",481,"/data/upload/1/bc1dafcb-20240111140900.jpeg","Nuageux sans aurores",5.435,"2026-04-13T12:08:13.034590Z"
397,"2","2026-04-13T12:08:12.163415Z",482,"/data/upload/1/859b7f08-20240111192800.jpeg","Obstrués",3.432,"2026-04-13T12:08:12.163415Z"
407,"3","2026-04-13T12:08:24.743106Z",483,"/data/upload/1/82a787a8-20240111193500.jpeg","Obstrués",12.385,"2026-04-13T12:08:24.743106Z"
400,"4","2026-04-13T12:08:15.522280Z",484,"/data/upload/1/32851acd-20240111210500.jpeg","Obstrués",2.984,"2026-04-13T12:08:15.522280Z"
402,"2","2026-04-13T12:08:19.341414Z",485,"/data/upload/1/58e9ccb3-20240111214900.jpeg","Obstrués",6.31,"2026-04-13T12:08:19.341414Z"
401,"1","2026-04-13T12:08:18.843370Z",486,"/data/upload/1/bfdb1292-20240112025700.jpeg","Obstrués",4.419,"2026-04-13T12:08:18.843370Z"
403,"5","2026-04-13T12:08:21.317122Z",487,"/data/upload/1/864e52b8-20240112072500.jpeg","Clairs sans aurores",6.582,"2026-04-13T12:08:21.317122Z"
404,"4","2026-04-13T12:08:23.169827Z",488,"/data/upload/1/382942ab-20240112200300.jpeg","Obstrués",6.158,"2026-04-13T12:08:23.169827Z"
406,"1","2026-04-13T12:08:23.464246Z",489,"/data/upload/1/1ba31d93-20240112210600.jpeg","Nuageux sans aurores",4.326,"2026-04-13T12:08:23.464246Z"
405,"2","2026-04-13T12:08:23.231351Z",490,"/data/upload/1/7bb784de-20240113040100.jpeg","Obstrués",3.36,"2026-04-13T12:08:23.231351Z"
408,"5","2026-04-13T12:08:25.655142Z",491,"/data/upload/1/95148e0f-20240113050700.jpeg","Obstrués",3.864,"2026-04-13T12:08:25.655142Z"
409,"2","2026-04-13T12:08:27.082064Z",492,"/data/upload/1/5d637fc9-20240113063000.jpeg","Nuageux sans aurores",2.914,"2026-04-13T12:08:27.082064Z"
410,"4","2026-04-13T12:08:27.571322Z",493,"/data/upload/1/419117b6-20240113064900.jpeg","Nuageux sans aurores",3.126,"2026-04-13T12:08:27.571322Z"
411,"1","2026-04-13T12:08:31.539973Z",494,"/data/upload/1/39c657e6-20240117170600.jpeg","Clairs sans aurores",7.472,"2026-04-13T12:08:31.539973Z"
413,"3","2026-04-13T12:08:33.177540Z",495,"/data/upload/1/b08abb11-20240117174800.jpeg","Clairs sans aurores",7.484,"2026-04-13T12:08:33.177540Z"
426,"5","2026-04-13T12:09:04.215541Z",496,"/data/upload/1/6582af5f-20240117212000.jpeg","Clairs avec aurores légères",37.486,"2026-04-13T12:09:04.215541Z"
415,"2","2026-04-13T12:08:35.263460Z",497,"/data/upload/1/c16c431c-20240117214100.jpeg","Clairs avec aurores légères",6.701,"2026-04-13T12:08:35.263460Z"
412,"4","2026-04-13T12:08:32.165322Z",498,"/data/upload/1/721db095-20240117215000.jpeg","Nuageux avec aurores légères",3.239,"2026-04-13T12:08:32.165322Z"
414,"1","2026-04-13T12:08:34.409283Z",499,"/data/upload/1/ad71ac75-20240118004300.jpeg","Nuageux sans aurores",2.233,"2026-04-13T12:08:34.409283Z"
419,"4","2026-04-13T12:08:40.856030Z",500,"/data/upload/1/132b19e9-20240118140300.jpeg","Nuageux sans aurores",7.971,"2026-04-13T12:08:40.856030Z"
417,"3","2026-04-13T12:08:37.590689Z",501,"/data/upload/1/48da910c-20240118151200.jpeg","Nuageux sans aurores",3.764,"2026-04-13T12:08:37.590689Z"
416,"1","2026-04-13T12:08:37.478520Z",502,"/data/upload/1/de8d944a-20240118191600.jpeg","Nuageux sans aurores",2.524,"2026-04-13T12:08:37.478520Z"
418,"2","2026-04-13T12:08:39.463981Z",503,"/data/upload/1/e4ea5ebd-20240120140600.jpeg","Clairs sans aurores",3.405,"2026-04-13T12:08:39.463981Z"
421,"1","2026-04-13T12:08:42.468102Z",504,"/data/upload/1/f95592ea-20240120190300.jpeg","Clairs avec aurores légères",4.312,"2026-04-13T12:08:42.468102Z"
420,"3","2026-04-13T12:08:40.959575Z",505,"/data/upload/1/a4f34651-20240120194200.jpeg","Clairs sans aurores",2.628,"2026-04-13T12:08:40.960554Z"
422,"2","2026-04-13T12:08:45.658277Z",506,"/data/upload/1/194eab61-20240120205400.jpeg","Clairs sans aurores",5.624,"2026-04-13T12:08:45.658277Z"
435,"3","2026-04-13T12:09:21.973580Z",507,"/data/upload/1/9c2eb056-20240120211000.jpeg","Clairs sans aurores",39.969,"2026-04-13T12:09:21.973580Z"
423,"4","2026-04-13T12:08:46.648922Z",507,"/data/upload/1/9c2eb056-20240120211000.jpeg","Clairs sans aurores",4.765,"2026-04-13T12:08:46.648922Z"
424,"1","2026-04-13T12:08:47.252027Z",508,"/data/upload/1/050eea59-20240120221500.jpeg","Clairs avec aurores légères",4.103,"2026-04-13T12:08:47.252027Z"
433,"2","2026-04-13T12:09:21.549690Z",509,"/data/upload/1/2b8cd90b-20240121004700.jpeg","Nuageux sans aurores",35.426,"2026-04-13T12:09:21.549690Z"
428,"4","2026-04-13T12:09:09.830836Z",510,"/data/upload/1/1d389976-20240121043400.jpeg","Clairs sans aurores",22.601,"2026-04-13T12:09:09.830836Z"
425,"1","2026-04-13T12:08:54.833205Z",511,"/data/upload/1/2640e5e6-20240121044900.jpeg","Nuageux sans aurores",7.144,"2026-04-13T12:08:54.833205Z"
432,"1","2026-04-13T12:09:20.689399Z",512,"/data/upload/1/847cffef-20240121055300.jpeg","Clairs sans aurores",25.568,"2026-04-13T12:09:20.689399Z"
427,"5","2026-04-13T12:09:09.723056Z",513,"/data/upload/1/47f5aca6-20240121070100.jpeg","Clairs sans aurores",5.151,"2026-04-13T12:09:09.723056Z"
429,"5","2026-04-13T12:09:13.485302Z",514,"/data/upload/1/e360c398-20240121143800.jpeg","Clairs sans aurores",3.365,"2026-04-13T12:09:13.486291Z"
430,"4","2026-04-13T12:09:14.122013Z",515,"/data/upload/1/723946b2-20240121174600.jpeg","Obstrués",3.247,"2026-04-13T12:09:14.122013Z"
437,"5","2026-04-13T12:09:24.784697Z",516,"/data/upload/1/0f299ea0-20240121180400.jpeg","Obstrués",10.726,"2026-04-13T12:09:24.784697Z"
431,"4","2026-04-13T12:09:17.303854Z",517,"/data/upload/1/35f8cb0b-20240121191000.jpeg","Obstrués",2.325,"2026-04-13T12:09:17.303854Z"
434,"4","2026-04-13T12:09:21.623725Z",518,"/data/upload/1/152fa5a1-20240121194800.jpeg","Obstrués",3.391,"2026-04-13T12:09:21.623725Z"
436,"1","2026-04-13T12:09:23.821779Z",519,"/data/upload/1/cda89f02-20240121215000.jpeg","Nuageux sans aurores",2.75,"2026-04-13T12:09:23.821779Z"
445,"2","2026-04-13T12:09:37.490763Z",520,"/data/upload/1/9827ee04-20240121235600.jpeg","Nuageux sans aurores",15.011,"2026-04-13T12:09:37.490763Z"
438,"4","2026-04-13T12:09:25.781173Z",521,"/data/upload/1/1f442333-20240122011700.jpeg","Obstrués",2.782,"2026-04-13T12:09:25.781173Z"
439,"1","2026-04-13T12:09:27.712346Z",522,"/data/upload/1/0afec785-20240122015400.jpeg","Nuageux sans aurores",3.071,"2026-04-13T12:09:27.712346Z"
440,"5","2026-04-13T12:09:28.984583Z",523,"/data/upload/1/88bde61a-20240122164600.jpeg","Obstrués",3.314,"2026-04-13T12:09:28.984583Z"
441,"4","2026-04-13T12:09:29.507084Z",524,"/data/upload/1/0c84479f-20240122191900.jpeg","Obstrués",2.383,"2026-04-13T12:09:29.507084Z"
442,"1","2026-04-13T12:09:31.643687Z",525,"/data/upload/1/5d117080-20240122202500.jpeg","Obstrués",3.234,"2026-04-13T12:09:31.643687Z"
448,"5","2026-04-13T12:09:40.998166Z",526,"/data/upload/1/53f3208c-20240122210500.jpeg","Obstrués",11.57,"2026-04-13T12:09:40.998166Z"
443,"4","2026-04-13T12:09:33.371812Z",527,"/data/upload/1/9fdecbea-20240122234100.jpeg","Obstrués",2.763,"2026-04-13T12:09:33.371812Z"
449,"1","2026-04-13T12:09:43.332524Z",528,"/data/upload/1/2b9af1ac-20240123013200.jpeg","Obstrués",11.271,"2026-04-13T12:09:43.332524Z"
444,"4","2026-04-13T12:09:36.301696Z",529,"/data/upload/1/3d976b88-20240123051400.jpeg","Obstrués",2.298,"2026-04-13T12:09:36.301696Z"
446,"4","2026-04-13T12:09:39.363256Z",530,"/data/upload/1/f4d8b8f0-20240123060300.jpeg","Obstrués",2.187,"2026-04-13T12:09:39.363256Z"
447,"2","2026-04-13T12:09:40.441441Z",531,"/data/upload/1/d961a1db-20240123063900.jpeg","Obstrués",2.471,"2026-04-13T12:09:40.441441Z"
451,"4","2026-04-13T12:09:43.489666Z",532,"/data/upload/1/44aae789-20240123153600.jpeg","Nuageux sans aurores",3.33,"2026-04-13T12:09:43.489666Z"
450,"2","2026-04-13T12:09:43.444578Z",533,"/data/upload/1/f5d26962-20240123160100.jpeg","Nuageux sans aurores",2.467,"2026-04-13T12:09:43.444578Z"
459,"5","2026-04-13T12:10:00.369522Z",534,"/data/upload/1/57c14b02-20240124002400.jpeg","Clairs avec aurores légères",18.88,"2026-04-13T12:10:00.369522Z"
454,"1","2026-04-13T12:09:49.674235Z",535,"/data/upload/1/d0210903-20240124013600.jpeg","Clairs avec aurores fortes",5.587,"2026-04-13T12:09:49.674235Z"
453,"2","2026-04-13T12:09:49.404674Z",536,"/data/upload/1/dda7c375-20240124031000.jpeg","Clairs avec aurores légères",5.294,"2026-04-13T12:09:49.404674Z"
452,"4","2026-04-13T12:09:48.613678Z",537,"/data/upload/1/09151878-20240124031300.jpeg","Clairs avec aurores légères",3.831,"2026-04-13T12:09:48.613678Z"
455,"4","2026-04-13T12:09:52.675774Z",538,"/data/upload/1/20b7f0e5-20240124031800.jpeg","Clairs avec aurores légères",3.523,"2026-04-13T12:09:52.675774Z"
458,"2","2026-04-13T12:09:58.838603Z",539,"/data/upload/1/31a95294-20240124041800.jpeg","Clairs avec aurores légères",8.476,"2026-04-13T12:09:58.838603Z"
456,"1","2026-04-13T12:09:55.553126Z",540,"/data/upload/1/10ab519c-20240124175000.jpeg","Clairs sans aurores",4.921,"2026-04-13T12:09:55.553126Z"
457,"4","2026-04-13T12:09:56.315555Z",541,"/data/upload/1/4d9279d0-20240124192700.jpeg","Clairs sans aurores",2.9,"2026-04-13T12:09:56.315555Z"
461,"1","2026-04-13T12:10:03.117199Z",542,"/data/upload/1/c62cec6e-20240201173500.jpeg","Nuageux sans aurores",7.122,"2026-04-13T12:10:03.117199Z"
460,"4","2026-04-13T12:10:01.465069Z",543,"/data/upload/1/1896f1ae-20240201223300.jpeg","Nuageux sans aurores",4.425,"2026-04-13T12:10:01.465069Z"
463,"2","2026-04-13T12:10:07.131145Z",544,"/data/upload/1/a5b612fa-20240202153300.jpeg","Clairs sans aurores",7.84,"2026-04-13T12:10:07.131145Z"
466,"5","2026-04-13T12:10:10.779864Z",545,"/data/upload/1/bbbd8ceb-20240214193000.jpeg","Obstrués",9.812,"2026-04-13T12:10:10.779864Z"
462,"4","2026-04-13T12:10:04.708238Z",546,"/data/upload/1/ed898448-20240215003200.jpeg","Nuageux sans aurores",2.543,"2026-04-13T12:10:04.708238Z"
465,"1","2026-04-13T12:10:09.942651Z",547,"/data/upload/1/ae148c84-20240215172800.jpeg","Clairs sans aurores",6.279,"2026-04-13T12:10:09.942651Z"
464,"4","2026-04-13T12:10:08.919123Z",548,"/data/upload/1/5a52c5c9-20240215211900.jpeg","Clairs avec aurores légères",3.446,"2026-04-13T12:10:08.919123Z"
469,"2","2026-04-13T12:10:37.046704Z",549,"/data/upload/1/0f332ae3-20240217022700.jpeg","Nuageux sans aurores",29.421,"2026-04-13T12:10:37.046704Z"
467,"4","2026-04-13T12:10:12.741825Z",550,"/data/upload/1/522de80a-20240218052300.jpeg","Clairs sans aurores",2.871,"2026-04-13T12:10:12.741825Z"
470,"2","2026-04-13T12:10:45.142800Z",552,"/data/upload/1/608c4617-Gemini_Generated_Image_pzpyuepzpyuepzpy.png","Obstrués",7.658,"2026-04-13T12:10:45.142800Z"
